Francisco Silva;+351923209865;Rua dos Sete Céus Nº8, Porto;215623987
Paulo Gonçalves;+351921154432;Rua do Açúcar Nº45, Porto;221234564
Sandra Gomes;+351911190965;Travessa da Amorosa Nº1, Porto;212124567
Patrícia Marques;+351923347835;Avenida dos Aliados Nº77, Porto;211345699
Vera Almeida;+351912214567;Rua de Santa Maria Nº2, Porto;221564334
AlexandreAlexandre;+351934323485;Rua do Comércio Nº12, Porto;211234596
Joaquim Vieira;+351967234544;Rua dos Capelistas Nº9, Porto;223456778
Sérgio Raposo;+351912023498;Avenida Central nº40, Porto;222334125
Mário Cunha;+351923384294;Rua dos Pescadores Nº99, Porto;211234556
Edson Martins;+351912134325;Rua Direita Nº15, Porto;211223456
111;1111;11111;111111
1111;11116;1111;1111
